model,precision_macro,recall_macro,f1_macro,accuracy
DNN,0.571199588801156,0.9048434682293445,0.6321901871318999,0.951695376759559
HGB,0.8164814479867157,0.9549276205314003,0.8640217479272163,0.99830261938833
Ensemble,0.8304853943905852,0.9558881260010877,0.8695137691821165,0.9980668720811536
